{
    "tabs": {
        "00": {
            "tab_id": "00",
            "cwd": "/data/chats/cfccdbbeee134f70a62f6b0a302c9167/workspace/python_template",
            "observer": {
                "block": "Terminal",
                "uuid": "9f0eda58-c304-40fb-ad2d-0367a44fcb00",
                "enable_llm_stream": false,
                "callback_url": ""
            },
            "shell_command": [
                "bash"
            ],
            "command_terminator": "\n"
        }
    },
    "current_tab_id": "00",
    "forbidden_commands": {
        "run preview": "Use Deployer.deploy_to_public instead.",
        "serve ": "Use Deployer.deploy_to_public instead.",
        "python -m http.server": "Use python -u -m http.server port_number instead."
    },
    "timeout": 300.0,
    "working_dir": "/workspace"
}